id,Model,Version release date,Hugging Face developer id,Link,Notes,benchmarks/runs,Display name
code-davinci-002,GPT-3.5,,,https://platform.openai.com/docs/deprecations#base-gpt-models,"was deprecated 2024-01-04

was likely released in early 2022 and was likely based on gpt-3.5

from Wikipedia: Similar capabilities to text-davinci-003 but trained with supervised fine-tuning instead of reinforcement learning",,
Ministral-3B,Ministral 3B,,,https://ai.azure.com/explore/models/Ministral-3B/version/1/registry/azureml-mistral,,,
o,Codex,,,https://platform.openai.com/docs/deprecations#2023-03-20-codex-models,was deprecated 2023-03-23,,
davinci,GPT-3 175B (davinci),,,https://platform.openai.com/docs/deprecations#base-gpt-models,was deprecated 2024-01-04,,
glm-4,GLM-4,,,https://bigmodel.cn/pricing,[to be] Discontinued in June 2025,,
ada,GPT-3 Medium,,,https://platform.openai.com/docs/deprecations#base-gpt-models,was deprecated 2024-01-04,,
code-davinci-edit-001,GPT-3.5,,,https://platform.openai.com/docs/deprecations#edit-models-endpoint,was deprecated 2024-01-04,,
curie,GPT-3 6.7B,,,https://platform.openai.com/docs/deprecations#base-gpt-models,was deprecated 2024-01-04,,
text-ada-001,InstructGPT 350M,,,https://platform.openai.com/docs/deprecations#instructgpt-models,was deprecated 2024-01-04,,
Mistral-7B-v0.3,Mistral 7B,,mistralai,https://huggingface.co/mistralai/Mistral-7B-v0.3,,,
babbage,GPT-3 XL,,,https://platform.openai.com/docs/deprecations#base-gpt-models,was deprecated 2024-01-04,,
gemma-2-9b,Gemma 2 9B,,google,https://huggingface.co/google/gemma-2-9b,,,
davinci-002,GPT-3 175B (davinci),,,https://platform.openai.com/docs/models#gpt-base,,,
text-curie-001,InstructGPT 6B,,,https://platform.openai.com/docs/deprecations#instructgpt-models,was deprecated 2024-01-04,,
code-cushman-002,Codex,,,https://platform.openai.com/docs/deprecations#2023-03-20-codex-models,was deprecated 2023-03-23,,
text-babbage-001,InstructGPT 1.3B,,,https://platform.openai.com/docs/deprecations#instructgpt-models,was deprecated 2024-01-04,,
gemma-2-27b,Gemma 2 27B,,google,https://huggingface.co/google/gemma-2-27b,,,
Mistral-7B-Instruct-v0.2,Mistral 7B,,mistralai,https://huggingface.co/mistralai/Mistral-7B-Instruct-v0.2,,,
text-davinci-edit-001,GPT-3.5,,,https://platform.openai.com/docs/deprecations#edit-models-endpoint,was deprecated 2024-01-04,,
INTELLECT-MATH,INTELLECT-MATH,,PrimeIntellect,https://huggingface.co/PrimeIntellect/INTELLECT-MATH,,,
sonar,,,,https://docs.perplexity.ai/guides/model-cards,,,Perplexity Sonar
learnlm-1.5-pro-experimental,,,,,,,
ml-elephant,,,,https://zoo.dev/machine-learning-api,,,Zoo Ml-Ephant
,,,,,,,
gemini-2.5-pro-preview-06-05_32K,Gemini 2.5 Pro,,,,,,
gpt2-xl,GPT-2 (1.5B),2019-11-05,openai-community,https://huggingface.co/openai-community/gpt2-xl,,,
Gopher (280B),Gopher (280B),2021-12-08,,,,,
GLaM (MoE),GLaM,2021-12-13,,,,,
text-davinci-001,InstructGPT 175B,2022-01-27,,https://platform.openai.com/docs/deprecations#instructgpt-models,was deprecated 2024-01-04,,
text-davinci-002,GPT-3.5,2022-03-15,,https://platform.openai.com/docs/deprecations#instructgpt-models,"was deprecated 2024-01-04

from Wikipedia: Similar capabilities to text-davinci-003 but trained with supervised fine-tuning instead of reinforcement learning

from CaLM: Text-davinci-002 is one of the models in the GPT 3.5 series. Like former InstructGPT models[1], it undergoes a training process that includes supervised fine-tuning using examples crafted by humans. Originating from code-davinci-002, this model possesses the capability to modify or augment existing text with new content, extending beyond mere text completion",,
Chinchilla (70B),Chinchilla,2022-03-29,,https://arxiv.org/abs/2203.15556,"Unreleased, stand-in necessary for benchmarking",,
PaLM 540B,PaLM (540B),2022-04-04,,,,,
PaLM 62B,,2022-04-04,,,"Unreleased, stand-in necessary for benchmarking",,
opt-175b,OPT-175B,2022-05-02,,,,,
opt-66b,OPT-66B,2022-05-03,facebook,https://huggingface.co/facebook/opt-66b,,,
bloom,BLOOM-176B,2022-07-06,bigscience,https://huggingface.co/bigscience/bloom,,,
text-davinci-003,GPT-3.5,2022-11-28,,https://platform.openai.com/docs/deprecations#instructgpt-models,"was deprecated 2024-01-04

from CaLM: text-davinci-003, a variant within the GPT 3.5 series, builds upon text-davinci-002[1,2] and incorporates reinforcement learning (PPO) through reward models. It applies instruction tuning based on reinforcement learning from human feedbac",,
LLaMA-7B,LLaMA-7B,2023-02-24,,,,,
LLaMA-65B,LLaMA-65B,2023-02-24,,,,,
LLaMA-13B,LLaMA-13B,2023-02-27,,,,,
LLaMA-33B,LLaMA-33B,2023-02-27,,,,,
gpt-4-32k-0314,GPT-4,2023-03-14,,https://platform.openai.com/docs/deprecations,"to be shut down 2025-06-06
This model seems to have had a knowledge cutoff date of September 1, 2021, according to https://learn.microsoft.com/en-us/azure/ai-services/openai/concepts/models?tabs=global-standard%2Cstandard-chat-completions#gpt-4-and-gpt-4-turbo-models.",,
gpt-4-0314,GPT-4,2023-03-14,,https://platform.openai.com/docs/models#gpt-4-turbo-and-gpt-4,"GPT-4 is an older version of a high-intelligence GPT model, usable in Chat Completions. Learn more in the text generation guide. The knowledge cutoff for the latest GPT-4 Turbo version is December, 2023.
This model seems to have had a knowledge cutoff date of September 1, 2021, according to https://learn.microsoft.com/en-us/azure/ai-services/openai/concepts/models?tabs=global-standard%2Cstandard-chat-completions#gpt-4-and-gpt-4-turbo-models.",,GPT-4 (Mar 2023)
falcon-40b,Falcon-40B,2023-03-15,tiiuae,https://huggingface.co/tiiuae/falcon-40b,,,
claude-1.3,Claude 1.3,2023-04-18,,https://x.com/AnthropicAI/status/1648353600350060545,,,
falcon-7b,Falcon-7B,2023-04-24,tiiuae,https://huggingface.co/tiiuae/falcon-7b,,,
mpt-7b-instruct,MPT-7B,2023-05-05,mosaicml,https://huggingface.co/mosaicml/mpt-7b-instruct,,,
mpt-7b,MPT-7B,2023-05-05,mosaicml,https://huggingface.co/mosaicml/mpt-7b,,,
PaLM 2-S,,2023-05-17,,,,,
PaLM 2-M,,2023-05-17,,,,,
PaLM 2-L,,2023-05-17,,,,,
Baichuan-7B,Baichuan1-7B,2023-06-01,baichuan-inc,https://huggingface.co/baichuan-inc/Baichuan-7B,,,
gpt-3.5-turbo-0613,GPT-3.5 Turbo,2023-06-13,,https://platform.openai.com/docs/deprecations#2023-11-06-chat-model-updates,"was deprecated 2024-09-13
This model appears to have had a knowledge cutoff date of September 1, 2021, like its 16k counterpart (https://docsbot.ai/models/compare/gpt-3-5-turbo-16k/gpt-4-0613).",,
gpt-4-32k-0613,GPT-4,2023-06-13,,https://platform.openai.com/docs/deprecations,"to be shut down 2025-06-06
This model seems to have had a knowledge cutoff date of September 1, 2021, according to https://learn.microsoft.com/en-us/azure/ai-services/openai/concepts/models?tabs=global-standard%2Cstandard-chat-completions#gpt-4-and-gpt-4-turbo-models.",,
gpt-3.5-turbo-16k-0613,GPT-3.5 Turbo,2023-06-13,,https://platform.openai.com/docs/deprecations#2023-11-06-chat-model-updates,"was deprecated 2024-09-13
This model appears to have had a knowledge cutoff date of September 1, 2021, according to https://docsbot.ai/models/compare/gpt-3-5-turbo-16k/gpt-4-0613.",,
gpt-4-0613,GPT-4,2023-06-13,,https://platform.openai.com/docs/models#gpt-4-turbo-and-gpt-4,"GPT-4 is an older version of a high-intelligence GPT model, usable in Chat Completions. Learn more in the text generation guide. The knowledge cutoff for the latest GPT-4 Turbo version is December, 2023.
This model seems to have had a knowledge cutoff date of September 1, 2021, according to https://learn.microsoft.com/en-us/azure/ai-services/openai/concepts/models?tabs=global-standard%2Cstandard-chat-completions#gpt-4-and-gpt-4-turbo-models.","fu7pWqbSC4MUBdwv3GFNa5,WsSrH8oHBm7m7vq9yTRqSC",GPT-4 (Jun 2023)
mpt-30b-instruct,MPT-30B,2023-06-22,mosaicml,https://huggingface.co/mosaicml/mpt-30b-instruct,,,
mpt-30b,MPT-30B,2023-06-22,mosaicml,https://huggingface.co/mosaicml/mpt-30b,,,
Inflection-1,Inflection-1,2023-06-22,,https://inflection.ai/blog/inflection-1,,,
internlm-7b,,2023-07-05,internlm,https://huggingface.co/internlm/internlm-7b,,,
claude-2.0,Claude 2,2023-07-11,,,"Legacy model
Knowledge cutoff date appears to be ""early 2023"", according to https://web.archive.org/web/20230727145443/https://support.anthropic.com/en/articles/8114494-how-up-to-date-is-claude-s-training-data.","mTa4f52zsEuxdrPy7WfQvX,Gs4vxvDD5wmrSvyTkqx2YV,7LLTmqs4LC5GLVfJEqJWSC",
Baichuan-13B-Base,Baichuan 1-13B,2023-07-11,baichuan-inc,https://huggingface.co/baichuan-inc/Baichuan-13B-Base,,,
Llama-2-70b-chat-hf,Llama 2-70B,2023-07-18,meta-llama,https://huggingface.co/meta-llama/Llama-2-70b-chat-hf,"The chat 70B model in HF transformers format
""The pretraining data has a cutoff of September 2022, but some tuning data is more recent, up to July 2023,"" according to https://huggingface.co/meta-llama/Llama-2-70b-chat-hf.","evPjJw9SKqq3TieSdxrSQn,4bkXhqCNoe6RpTe9taJ7kR,NLk2oE4rzSFihPzF95peHr",
Llama-2-7b,Llama 2-7B,2023-07-18,meta-llama,,,,
Llama-2-13b,Llama 2-13B,2023-07-18,meta-llama,,,,
Llama-2-70b-hf ,Llama 2-70B,2023-07-18,meta-llama,https://huggingface.co/meta-llama/Llama-2-7b,,,
Llama-2-34b,Llama 2-34B,2023-07-18,,,,,
StableBeluga2,Stable Beluga 2,2023-07-20,stabilityai,https://huggingface.co/stabilityai/StableBeluga2,,,
claude-instant-1.2,Claude Instant,2023-08-09,,https://www.anthropic.com/news/releasing-claude-instant-1-2,"Knowledge cutoff date appears to be January 1, 2023, according to https://docsbot.ai/models/compare/claude-instant-1-2/gpt-4-1-nano.",,
Qwen-VL-Chat,,2023-08-20,Qwen,https://huggingface.co/Qwen/Qwen-VL-Chat/tree/main,,,
falcon-180B,Falcon-180B,2023-09-06,tiiuae,https://huggingface.co/tiiuae/falcon-180B,,,
Baichuan-2-13B-Base,Baichuan2-13B,2023-09-06,baichuan-inc,https://huggingface.co/baichuan-inc/Baichuan2-13B-Base,,,
phi-1_5,Phi-1.5,2023-09-11,microsoft,https://huggingface.co/microsoft/phi-1_5,,,
gpt-3.5-turbo-instruct,GPT-3.5 Turbo,2023-09-18,,,"This model seems to have had a knowledge cutoff date of September 1, 2021, according to https://learn.microsoft.com/en-us/azure/ai-services/openai/concepts/models?tabs=global-standard%2Cstandard-chat-completions#gpt-35.",,
internlm-20b,,2023-09-18,internlm,https://huggingface.co/internlm/internlm-20b,,,
Baichuan-2-7B-Base,Baichuan 2-7B,2023-09-20,baichuan-inc,https://huggingface.co/baichuan-inc/Baichuan2-7B-Base,,,
Mistral-7B-v0.1,Mistral 7B,2023-09-27,mistralai,https://huggingface.co/mistralai/Mistral-7B-v0.1,,,
Mistral-7B-Instruct-v0.1,Mistral 7B,2023-09-27,mistralai,https://huggingface.co/mistralai/Mistral-7B-Instruct-v0.1,,,
open-mistral-7b,Mistral 7B,2023-09-27,,,,"5XuVuHeUDekHqjUy2P8gww,9ZQaypWLwLHbQrqTWfoEor",
Qwen-7B,Qwen-7B,2023-09-28,Qwen,https://huggingface.co/Qwen/Qwen-7B,,,
Qwen-14B,Qwen-14B,2023-09-28,Qwen,https://huggingface.co/Qwen/Qwen-14B,,,
deepseek-coder-6.7b-instruct,DeepSeek Coder 6.7B,2023-11-02,deepseek-ai,https://huggingface.co/deepseek-ai/deepseek-coder-6.7b-instruct,,,
deepseek-coder-6.7b-base,DeepSeek Coder 6.7B,2023-11-02,deepseek-ai,https://huggingface.co/deepseek-ai/deepseek-coder-6.7b-base,,,
deepseek-coder-1.3b-instruct,DeepSeek Coder 1.3B,2023-11-02,deepseek-ai,https://huggingface.co/deepseek-ai/deepseek-coder-1.3b-instruct,,,
deepseek-coder-33b-instruct,DeepSeek Coder 33B,2023-11-02,deepseek-ai,https://huggingface.co/deepseek-ai/deepseek-coder-33b-instruct,,,
deepseek-coder-1.3b-base,DeepSeek Coder 1.3B,2023-11-02,deepseek-ai,https://huggingface.co/deepseek-ai/deepseek-coder-1.3b-base,,,
deepseek-coder-33b-base,DeepSeek Coder 33B,2023-11-02,deepseek-ai,https://huggingface.co/deepseek-ai/deepseek-coder-33b-base,,,
Yi-34B,Yi-34B,2023-11-02,01-ai,https://huggingface.co/01-ai/Yi-34B,,,
Yi-6B,Yi 6B,2023-11-02,01-ai,https://huggingface.co/01-ai/Yi-6B,,,
gpt-3.5-turbo-1106,GPT-3.5 Turbo,2023-11-06,,https://platform.openai.com/docs/models#gpt-3-5-turbo,"GPT-3.5 Turbo model with improved instruction following, JSON mode, reproducible outputs, parallel function calling, and more

Knowledge cutoff date of September 1, 2021, according to https://learn.microsoft.com/en-us/azure/ai-services/openai/concepts/models?tabs=global-standard%2Cstandard-chat-completions#gpt-35.","enhRcQmfN6RFB2zu7R3Uxr,cJWh887zSiTtnxm9XAJVkr",GPT-3.5 Turbo (Nov 2023)
gpt-4-1106-vision-preview,GPT-4V,2023-11-06,,,"Knowledge cutoff is April 1, 2023, according to https://www.datacamp.com/blog/gpt4-turbo",,
gpt-4-turbo,GPT-4 Turbo,2023-11-06,,https://openai.com/index/new-models-and-developer-products-announced-at-devday/,"First version of GPT-4 Turbo

I didn't find reference to it in release / deprecation notes. 

This model seems to have had a knowledge cutoff date of April 1, 2023, according to https://www.proxet.com/blog/openai-release-notes-november-2023.",,
gpt-4-1106-preview,GPT-4,2023-11-06,,https://platform.openai.com/docs/models#gpt-4-turbo-and-gpt-4,"GPT-4 is an older version of a high-intelligence GPT model, usable in Chat Completions. Learn more in the text generation guide. The knowledge cutoff for the latest GPT-4 Turbo version is December, 2023.
This model appears to have had a knowledge cutoff date of April 1, 2023, according to https://www.datacamp.com/blog/gpt4-turbo.","AWewipyfSQb8hXtS8d4fNL,VBStRVGFi47EVz2pn33xu4",GPT-4 Preview (Nov 2023)
Video-LLaVA-7B,,2023-11-17,LanguageBind,https://huggingface.co/LanguageBind/Video-LLaVA-7B,,,
claude-2.1,Claude 2.1,2023-11-21,,,"Legacy model
Knowledge cutoff date appears to be January 1, 2023, according to https://docsbot.ai/models/claude-2-1.","eMAisrJd7fAUHPfcPWXeXo,2vg9qw9pd8zSyRMu9YNiVm",
Yi-34B-Chat,Yi-34B,2023-11-22,01-ai,https://huggingface.co/01-ai/Yi-34B-Chat,,"WxMpEBcTf8qPFPz4BrF86B,nzy4SGSeKGzQSKJLWExKpV",
deepseek-llm-7b-base,DeepSeek LLM 7B,2023-11-29,deepseek-ai,https://huggingface.co/deepseek-ai/deepseek-llm-7b-base,,,
deepseek-llm-67b-base,DeepSeek LLM 67B,2023-11-29,deepseek-ai,https://huggingface.co/deepseek-ai/deepseek-llm-67b-base,,,
deepseek-llm-67b-chat,DeepSeek LLM 67B,2023-11-29,deepseek-ai,https://huggingface.co/deepseek-ai/deepseek-llm-67b-chat,,"82RTgqgiC2UuM5M37L3WWM,Cm4UkgA5TtmzQegrq3rbvm",
deepseek-llm-7b-chat,DeepSeek LLM 7B,2023-11-29,deepseek-ai,https://huggingface.co/deepseek-ai/deepseek-llm-7b-chat,,,
video_chat2_mistral,,2023-11-29,,https://github.com/OpenGVLab/Ask-Anything/tree/main/video_chat2,,,
Qwen-1_8B,,2023-11-30,Qwen,,,,Qwen-1.8B
Mixtral-8x7B-v0.1,Mixtral 8x7B,2023-12-11,mistralai,https://huggingface.co/mistralai/Mixtral-8x7B-v0.1,,,
Mixtral-8x7B-Instruct-v0.1,Mixtral 8x7B,2023-12-11,mistralai,https://huggingface.co/mistralai/Mixtral-8x7B-Instruct-v0.1,,"Sn2qbB2HiySe7NcG28jnyM,4PTATufH2ra3guNeLwT9p9",
open-mixtral-8x7b,Mixtral 8x7B,2023-12-11,,,,"Y6KPSujFepdwqinKLf9mDF,GN3Hez798byishFw3U6cpp",
mistral-medium-2312,Mistral Medium,2023-12-11,,https://mistral.ai/news/la-plateforme,,,
phi-2,Phi-2,2023-12-12,microsoft,https://huggingface.co/microsoft/phi-2,,,
babbage-002,GPT-3 XL,2024-01-04,,https://platform.openai.com/docs/models#gpt-base,,,
Qwen-VL-Max,,2024-01-18,Qwen,https://github.com/QwenLM/Qwen-VL,"No longer available on HuggingFace, Github linked instead",,
VideoLLAMA3-7B,,2024-01-22,DAMO-NLP-SG,https://huggingface.co/DAMO-NLP-SG/VideoLLaMA3-7B,,,
deepseek-coder-7b-base-v1.5,DeepSeek Coder 6.7B,2024-01-25,deepseek-ai,https://huggingface.co/deepseek-ai/deepseek-coder-7b-base-v1.5,,,
gpt-4-0125-preview,GPT-4,2024-01-25,,https://platform.openai.com/docs/models#gpt-4-turbo-and-gpt-4,"GPT-4 is an older version of a high-intelligence GPT model, usable in Chat Completions. Learn more in the text generation guide. The knowledge cutoff for the latest GPT-4 Turbo version is December, 2023 (supported by https://github.com/HaoooWang/llm-knowledge-cutoff-dates?tab=readme-ov-file).","4j3WRhhruXrfaq9Jki3NDc,c4V7sc8TUNJ8wQKRhuA2Rv",
text-embedding-3-small,text-embedding-3-small,2024-01-25,,https://platform.openai.com/docs/models#embeddings,"Embeddings are a numerical representation of text that can be used to measure the relatedness between two pieces of text. Embeddings are useful for search, clustering, recommendations, anomaly detection, and classification tasks. You can read more about our latest embedding models in the announcement blog post.",,
text-embedding-3-large,text-embedding-3-large,2024-01-25,,https://platform.openai.com/docs/models#embeddings,"Embeddings are a numerical representation of text that can be used to measure the relatedness between two pieces of text. Embeddings are useful for search, clustering, recommendations, anomaly detection, and classification tasks. You can read more about our latest embedding models in the announcement blog post.",,
gpt-3.5-turbo-0125,GPT-3.5 Turbo,2024-01-25,,https://platform.openai.com/docs/models#gpt-3-5-turbo,"The latest GPT-3.5 Turbo model with higher accuracy at responding in requested formats and a fix for a bug which caused a text encoding issue for non-English language function calls.
This model had a knowledge cutoff date of September 1, 2021, according to https://learn.microsoft.com/en-us/azure/ai-services/openai/concepts/models?tabs=global-standard%2Cstandard-chat-completions#gpt-35.","eZaQhpbhbzbo3sbKGS5Efa,9tSgxGV3nzhTBpq7GcX7yx",
qwen1.5-7b-chat,Qwen1.5-7B,2024-02-04,Qwen,https://huggingface.co/Qwen/Qwen1.5-7B-Chat,,,
qwen1.5-72b-chat,Qwen1.5-72B,2024-02-04,Qwen,https://huggingface.co/Qwen/Qwen1.5-72B-Chat,,NeqeQSxHmdUNLk9Ytpo6qo,
qwen1.5-14b-chat,Qwen1.5-14B,2024-02-04,Qwen,https://huggingface.co/Qwen/Qwen1.5-14B-Chat,,,
qwen1.5-32B,Qwen1.5-32B,2024-02-04,Qwen,https://huggingface.co/Qwen/Qwen1.5-32B,,,
qwen1.5-14B,Qwen1.5-14B,2024-02-04,Qwen,https://huggingface.co/Qwen/Qwen1.5-14B,,,
Qwen1.5-7B,Qwen1.5-7B,2024-02-04,Qwen,,,,
deepseek-math-7b-base,DeepSeekMath 7B,2024-02-05,deepseek-ai,https://huggingface.co/deepseek-ai/deepseek-math-7b-base,,,
gemini-1.0-pro-001,Gemini 1.0 Pro,2024-02-15,,https://ai.google.dev/gemini-api/docs/models/gemini#gemini-1.0-pro,"""Gemini 1.0 Pro is an NLP model that handles tasks like multi-turn text and code chat, and code generation.""

April 9, 2025 - discontinuation date

Knowledge cutoff date appears to be February 1, 2024, according to https://llm-stats.com/models/gemini-1.0-pro.","ibpS8bs4z3wD3Hb6F3kpdV,iUdecHq9vU5utytzgTXzqY,NpJvYQDcmwbGgS5MzZUPUg",
gemma-2b,Gemma 2B,2024-02-21,google,,,,
gemma-7b,Gemma 7B,2024-02-21,google,,,,
mistral-large-2402,Mistral Large,2024-02-26,,,,"dDeREdDJ5bVyci3APZxzWb,gypQecfFNK2x4pNGDtGMDv,ZVHvk3GTPUNTgjc5w3vkhW",
mistral-small-2402,,2024-02-26,,,,,
claude-3-sonnet-20240229,Claude 3 Sonnet,2024-02-29,,,"Knowledge cutoff date is August 1, 2023, according to https://www.techtarget.com/searchenterpriseai/feature/Claude-AI-vs-ChatGPT-How-do-they-compare.","QLejPZXhjX6SQCQgzjNvCG,FD2ztfjFUeqGyrtF8yuCUB,AeRCEiG87bMFpxbxbmjCyn",
claude-3-opus-20240229,Claude 3 Opus,2024-02-29,,,"Knowledge cutoff date is August 1, 2023, according to https://docs.anthropic.com/en/docs/about-claude/models/overview.","hTnDa4gn8RYduCEYqoNywe,6SNzvpd6kXXxqpJoaHsSDd,mYb9MGQD39RS8VdDyMqujr",
Yi-9B,,2024-03-01,01-ai,https://huggingface.co/01-ai/Yi-9B,,,
claude-3-haiku-20240307,Claude 3 Haiku,2024-03-07,,,"Knowledge cutoff date is August 1, 2023, according to https://docs.anthropic.com/en/docs/about-claude/models/overview.","T3FWdCCWBryVjxwTcoY5bK,QSnWVKUVj9six4jYj4HJD9,ThMd6DNDTtyWxhPcb9Kq4y",
dbrx-instruct,DBRX,2024-03-27,databricks,https://huggingface.co/databricks/dbrx-instruct,,"TTa3hu7PgRxHgizVreZsdJ,PMbefrjykQmTBpABMa7FJi",
dbrx-base,DBRX,2024-03-27,databricks,https://huggingface.co/databricks/dbrx-base,,,
ST-LLM,,2024-03-28,,https://github.com/TencentARC/ST-LLM,,,
qwen1.5-32b-chat,Qwen1.5-32B,2024-04-03,Qwen,https://huggingface.co/Qwen/Qwen1.5-32B-Chat,,9K6c9b6v9zQrQYtw827BDn,
chutes/Llama-4-Maverick-17B-128E-Instruct,Llama 4 Maverick,2024-04-06,,https://chutes.ai/app/chute/f85b3111-daca-565a-a0f0-2d222abc0e16,,,
chutes/Llama-4-Scout-17B-16E Instruct,Llama 4 Scout,2024-04-06,,https://chutes.ai/app/chute/aaa8ef8d-e681-5c50-9bef-5cfaf33fd164?tab=stats,,,
gpt-4-turbo-2024-04-09,GPT-4 Turbo,2024-04-09,,https://platform.openai.com/docs/models#gpt-4-turbo-and-gpt-4,"GPT-4 is an older version of a high-intelligence GPT model, usable in Chat Completions. Learn more in the text generation guide. The knowledge cutoff for the latest GPT-4 Turbo version is December, 2023 (https://learn.microsoft.com/en-us/azure/ai-services/openai/concepts/models?tabs=global-standard%2Cstandard-chat-completions#gpt-4o-and-gpt-4-turbo).","TaCoN7eyPQEfDWXqs2MpcF,AZAJomaSEfZtqYqXUre9fS,MZABVPEY8VCPAyCZ4iir68",
LiveCC-7B-Instruct,,2024-04-12,chenjoya,https://huggingface.co/chenjoya/LiveCC-7B-Instruct,,,
WizardLM-2-8x22B,WizardLM-2 8x22B,2024-04-15,alpindale,https://huggingface.co/alpindale/WizardLM-2-8x22B,,"MQJA3RUjsQzSubGJiukZ7A,4bAYQuh4heJoTNhapVZLNB",
Mixtral-8x22B-v0.1,Mixtral 8x22B,2024-04-17,mistralai,https://huggingface.co/mistralai/Mixtral-8x22B-v0.1,,,
Mixtral-8x22B-Instruct-v0.1,Mixtral 8x22B,2024-04-17,mistralai,https://huggingface.co/mistralai/Mixtral-8x22B-Instruct-v0.1,,,
open-mixtral-8x22b,Mixtral 8x22B,2024-04-17,,,,"ifAM3DJBdm5eU9Y2DjaEvW,cGMb2vs9NhfkwZJsQXzLmQ",
Meta-Llama-3-70B-Instruct,Llama 3-70B,2024-04-18,meta-llama,https://huggingface.co/meta-llama/Meta-Llama-3-70B-Instruct,"Knowledge cutoff date is December 1, 2023, according to https://huggingface.co/meta-llama/Meta-Llama-3-70B-Instruct.","jrvutCoFFG4KxYtU7REdpe,dekbZbU3BtiQZNKG8Txaax,6RD3A6J432TZzxrKYRxph2",
Meta-Llama-3-8B-Instruct,Llama 3-8B,2024-04-18,meta-llama,https://huggingface.co/meta-llama/Meta-Llama-3-8B-Instruct,"Knowledge cutoff date is March 1, 2023, according to https://huggingface.co/meta-llama/Meta-Llama-3-8B-Instruct.","iT3BBFWjsZk2rKHKeJDsM8,BURdKU7mhUX4YMPUDoFsed,7P5HLaaD6DBjNYFx7o6Jma",
Meta-Llama-3-8B,Llama 3-8B,2024-04-18,meta-llama,,,,
Meta-Llama-3-70B,Llama 3-70B,2024-04-18,meta-llama,,,,
InternVL-Chat-V1-5,,2024-04-18,OpenGVLab,https://huggingface.co/OpenGVLab/InternVL-Chat-V1-5,,,
Phi-3-medium-128k-instruct,phi-3-medium 14B,2024-04-23,microsoft,https://huggingface.co/microsoft/Phi-3-medium-128k-instruct,,"bDS2AGEf3AywbVcdDyAKZK,njA86GC9DzSXyiZWtUxXiD",
Phi-3-mini-4k-instruct,phi-3-mini 3.8B,2024-04-23,microsoft,https://huggingface.co/microsoft/Phi-3-mini-4k-instruct,,,
Phi-3-mini-128k-instruct,phi-3-mini 3.8B,2024-04-23,microsoft,,,,
Phi-3-small-8k-instruct,phi-3-small 7.4B,2024-04-23,microsoft,,,,
Chat-UniVi-7B-v1.5 ,,2024-04-23,Chat-UniVi,https://huggingface.co/Chat-UniVi/Chat-UniVi-7B-v1.5,,,
qwen1.5-110b-chat,Qwen1.5-110B,2024-04-25,Qwen,https://huggingface.co/Qwen/Qwen1.5-110B-Chat,,,
DeepSeek-V2,DeepSeek-V2 (MoE-236B),2024-05-07,deepseek-ai,https://huggingface.co/deepseek-ai/DeepSeek-V2,,,
falcon-11b,Falcon 2 11B,2024-05-09,mosaicml,https://huggingface.co/tiiuae/falcon-11B,,,Falcon 2-11B
Yi-1.5-34B-Chat,Yi-1.5-34B,2024-05-13,01-ai,https://huggingface.co/01-ai/Yi-1.5-34B-Chat,,"Jwi8JTeeTxJuJY8qidxngw,bH5kVfLE53CxY3qWmB9C5K",
gpt-4o-2024-05-13,GPT-4o,2024-05-13,,https://platform.openai.com/docs/models#gpt-4o,"GPT-4o (“o” for “omni”) is our versatile, high-intelligence flagship model. It accepts both text and image inputs, and produces text outputs (including Structured Outputs). 
The knowledge cutoff for GPT-4o models is October, 2023 (https://learn.microsoft.com/en-us/azure/ai-services/openai/concepts/models?tabs=global-standard%2Cstandard-chat-completions#gpt-4o-and-gpt-4-turbo).","Y59q8WbEDp2HH8oovyJCj9,Uqsvq9TAGoqD2xpKfhHBmS,9cCn5aW522cTRxJSE69crm",GPT-4o (May 2024)
Yi-1.5-34B,Yi-1.5-34B,2024-05-13,01-ai,https://huggingface.co/01-ai/Yi-1.5-34B,,,
Yi-large,Yi-Large,2024-05-13,,,,,
gemini-1.5-flash-0514,Gemini 1.5 Flash,2024-05-14,,https://cloud.google.com/vertex-ai/generative-ai/docs/release-notes#May_14_2024,"Gemini 1.5 Flash (gemini-1.5-flash-preview-0514) is available in Preview. Gemini 1.5 Flash is a multimodal model designed for fast, high volume, cost-effective text generation and chat applications. It can analyze text, code, audio, PDF, video, and video with audio.",,
glm-4-0520,GLM-4 (0520),2024-05-20,,https://bigmodel.cn/pricing,,,
gemini-1.5-flash-001,Gemini 1.5 Flash,2024-05-23,,https://ai.google.dev/gemini-api/docs/models/gemini#gemini-1.5-flash,"Gemini 1.5 Flash is a fast and versatile multimodal model for scaling across diverse tasks.
Knowledge cutoff date is November 1, 2023, according to https://developer.box.com/guides/box-ai/ai-models/google-gemini-1-5-flash-001-model-card/.","Hc2ycMP6DyCZxCPjKbZFQU,CPpd4hqQHtZ5pUejBELwKb,U9GVBhYjRzU55YVjna5mMT",Gemini 1.5 Flash (May 2024)
gemini-1.5-pro-001,Gemini 1.5 Pro,2024-05-24,,https://ai.google.dev/gemini-api/docs/models/gemini#gemini-1.5-pro,"Gemini 1.5 Pro is a mid-size multimodal model that is optimized for a wide-range of reasoning tasks. 1.5 Pro can process large amounts of data at once, including 2 hours of video, 19 hours of audio, codebases with 60,000 lines of code, or 2,000 pages of text.
Knowledge cutoff date is November 1, 2023, according to https://developer.box.com/guides/box-ai/ai-models/google-gemini-1-5-pro-001-model-card/.","PKdqpKZ9tqDWyWJ7GksBWz,PxLmyq7PFfARAuqxg5oPtE,3S6fjGAMKWKK3zcdxkmh9H",
Mistral-7B-Instruct-v0.3,Mistral 7B,2024-05-27,mistralai,https://huggingface.co/mistralai/Mistral-7B-Instruct-v0.3,,"YbQkMPC2GtNLhxqTEhhVsa,6xHApTdQAWM9e5oCvKYS3W",
sharegpt4video-8b,,2024-05-27,Lin-Chen,https://huggingface.co/Lin-Chen/sharegpt4video-8b,,,
SliME-Llama3-8B,,2024-06-02,yifanzhang114,https://huggingface.co/yifanzhang114/SliME-Llama3-8B,,,
qwen2-72b-instruct,Qwen2-72B,2024-06-07,Qwen,https://huggingface.co/Qwen/Qwen2-72B-Instruct,,"Pex6SpYJX8ZPySncfNNy7H,9mWoY9fM2ifKvDg3xaug6h",
VideoLLAMA2-7B,,2024-06-12,DAMO-NLP-SG,https://huggingface.co/DAMO-NLP-SG/VideoLLaMA2-7B,,,
LongVA-7B,,2024-06-13,lmms-lab,https://huggingface.co/lmms-lab/LongVA-7B,,,
nemotron-4-340b-Instruct,Nemotron-4 340B,2024-06-14,nvidia,https://huggingface.co/nvidia/Nemotron-4-340B-Instruct,,,
DeepSeek-Coder-V2-Instruct,DeepSeek-Coder-V2 236B,2024-06-17,deepseek-ai,https://huggingface.co/deepseek-ai/DeepSeek-Coder-V2-Instruct,,,
DeepSeek-Coder-V2-Base,DeepSeek-Coder-V2 236B,2024-06-17,deepseek-ai,https://huggingface.co/deepseek-ai/DeepSeek-Coder-V2-Base,,,
claude-3-5-sonnet-20240620,Claude 3.5 Sonnet,2024-06-20,,,"Knowledge cutoff date is April 1, 2024, according to https://www.techtarget.com/searchenterpriseai/feature/Claude-AI-vs-ChatGPT-How-do-they-compare.","78Wpvp8WDByAcQRBas72cs,H42HJG29bwqzaMewTMsmky,2xNPhKLsiWLHQBLLDGU4VJ,i5xfb9Bk8TaiuQ6WccCAzu,h7f9jZVWzZNDHNxP5eewNH,H2sQhavY5BPYxyYHva8mgS",Claude 3.5 Sonnet (Jun 2024)
Hermes-2-Theta-Llama-3-70B,Hermes 2 Theta Llama-3 70B,2024-06-20,NousResearch,https://huggingface.co/NousResearch/Hermes-2-Theta-Llama-3-70B,"This appears to be fine-tuned from Llama 3-70B, which has a knowledge cutoff date of December 1, 2023, according to https://huggingface.co/meta-llama/Meta-Llama-3-70B.","DHdeZNynu4VtRp2VGkCGvd,ZAVTwsDqrvbWbqSgeNdXFd,63MnE4e4AXvbQ585MaWTFv",
Chat-Uni-Vi-7B-v1.5 + 100k SG-WV,,2024-06-20,,https://github.com/Share14/ShareGemini,,,
gemma-2-27b-it,Gemma 2 27B,2024-06-24,google,https://huggingface.co/google/gemma-2-27b-it,,"ZUJxsJDpHnLXxNiDcvj22W,PM3GCQcVK7t2MujNp4F4kH,jD6rJdvfNPErKEz9qkpssj",
gemma-2-9b-it,Gemma 2 9B,2024-06-24,google,https://huggingface.co/google/gemma-2-9b-it,,"fQjoHKyUEPAuwdrBGfL8SG,Hdcqs42VnPNVBquXttexhq,WNE7cveVN8rsi7DmsFsFVy",
gemma2:27b-instruct-q8_0,Gemma 2 27B,2024-06-27,,https://ollama.com/library/gemma2:27b-instruct-q8_0,,,
DeepSeek-V2-Chat-0628,DeepSeek-V2 (MoE-236B),2024-06-28,deepseek-ai,https://huggingface.co/deepseek-ai/DeepSeek-V2-Chat-0628,,,
InternVL2-40B,InternVL2-40B,2024-07-08,OpenGVLab,https://huggingface.co/OpenGVLab/InternVL2-40B,,,
gpt-4o-mini-2024-07-18,GPT-4o mini,2024-07-18,,https://openai.com/index/gpt-4o-mini-advancing-cost-efficient-intelligence/,"GPT-4o mini (“o” for “omni”) is a fast, affordable small model for focused tasks. It accepts both text and image inputs, and produces text outputs (including Structured Outputs). It is ideal for fine-tuning, and model outputs from a larger model like GPT-4o can be distilled to GPT-4o-mini to produce similar results at lower cost and latency.

The knowledge cutoff for GPT-4o-mini models is October, 2023 (https://learn.microsoft.com/en-us/azure/ai-services/openai/concepts/models?tabs=global-standard%2Cstandard-chat-completions#gpt-4o-and-gpt-4-turbo).","L9yfwZC3snsKZshBXTaXjc,5iyKgWVhAmNwrA5rNL7MbW",
Mistral-Nemo-Base-2407,Mistral NeMo,2024-07-18,mistralai,https://huggingface.co/mistralai/Mistral-Nemo-Base-2407,,,
Mistral-Nemo-Instruct-2407,Mistral NeMo,2024-07-18,mistralai,https://huggingface.co/mistralai/Mistral-Nemo-Instruct-2407,,,
open-mistral-nemo-2407,Mistral NeMo,2024-07-18,,,,"XCSWtbDquA7FUiWfd7kh9q,9qCrggpoq8FjQWVQhHaGBT",
Llama-3.1-8B-Instruct,Llama 3.1-8B,2024-07-23,meta-llama,https://huggingface.co/meta-llama/Llama-3.1-8B-Instruct,"Knowledge cutoff date is December 1, 2023, according to https://huggingface.co/meta-llama/Llama-3.1-8B-Instruct.","WWS3aotkrymLmBBDhhtvWQ,gyxR3YTcmh4UcKZkET5pPX,6SY8iSf5uKn7SrCzzrabPb",
Llama-3.1-405B-Instruct,Llama 3.1-405B,2024-07-23,meta-llama,https://huggingface.co/meta-llama/Llama-3.1-405B-Instruct,"Knowledge cutoff date is December 1, 2023, according to https://huggingface.co/meta-llama/Llama-3.1-405B-Instruct.","S5QYXSvQBRSbUbXSnAGbMm,ZR7amdUBRr5Cke8Aoz4snr,2fQJP3brRApfBdQq7Zy3bm",
Llama-3.1-70B-Instruct,Llama 3.1-70B,2024-07-23,meta-llama,https://huggingface.co/meta-llama/Llama-3.1-70B-Instruct,"Knowledge cutoff date is December 1, 2023, according to https://huggingface.co/meta-llama/Llama-3.1-70B-Instruct.","MEwMcmSV32JHrsNoAq4BFL,6JiXiQ67iyiC7cFFRiogvs,X2tQXGELXtEbc2VX6gARd7",
llama3.1:405b-instruct-q4_K_M,Llama 3.1-405B,2024-07-23,,https://ollama.com/library/llama3.1:405b-instruct-q4_K_M,"Based on Llama 3.1, which has a knowledge cutoff date of December 1, 2023, according to https://huggingface.co/meta-llama/Llama-3.1-8B-Instruct.",,
llama3.1:8b-instruct-q8_0,Llama 3.1-8B,2024-07-23,,https://ollama.com/library/llama3.1:8b-instruct-q8_0,"Based on Llama 3.1, which has a knowledge cutoff date of December 1, 2023, according to https://huggingface.co/meta-llama/Llama-3.1-8B-Instruct.",,
Llama-3.1-405B,Llama 3.1-405B,2024-07-23,meta-llama,https://huggingface.co/meta-llama/Llama-3.1-405B,,,
Mistral-Large-Instruct-2407,Mistral Large 2,2024-07-24,mistralai,https://huggingface.co/mistralai/Mistral-Large-Instruct-2407,,,
mistral-large-2407,Mistral Large 2,2024-07-24,,,,"ZQPNnicTuhuscJvni85PFY,div9uE9eovqykqx883kSpE,bHLfPfZj8HgD9Gef75NtrM",
MiniCPM-V-2_6,,2024-08-03,openbmb,https://huggingface.co/openbmb/MiniCPM-V-2_6,,,
gpt-4o-2024-08-06,GPT-4o,2024-08-06,,https://platform.openai.com/docs/models#gpt-4o,"GPT-4o (“o” for “omni”) is our versatile, high-intelligence flagship model. It accepts both text and image inputs, and produces text outputs (including Structured Outputs). 
The knowledge cutoff for GPT-4o models is October, 2023 (https://learn.microsoft.com/en-us/azure/ai-services/openai/concepts/models?tabs=global-standard%2Cstandard-chat-completions#gpt-4o-and-gpt-4-turbo).","fairJpL9VekDBKxYHG9ZoG,ZQgz8AGm4KHin9MFupLu58,mBUKqiVQsqXd3qmdtKP5UP,BhMT5JGDGaz4FvSyNLYmok,SmT4ukjkxsXZvFExMMVFgW",GPT-4o (Aug 2024)
LLaVA-OneVision 72B,,2024-08-06,,https://arxiv.org/pdf/2408.03326,,,
VITA,,2024-08-12,,https://github.com/VITA-MLLM/VITA,,,
grok-2-0813,Grok-2,2024-08-13,,,,,
grok-2-mini-0813,Grok-2 mini,2024-08-13,,,,,
Dracarys2-Llama-3.1-70B-Instruct,,2024-08-14,abacusai,https://huggingface.co/abacusai/Dracarys2-Llama-3.1-70B-Instruct,"The base model has a knowledge cutoff date of December 1, 2023, according to https://huggingface.co/meta-llama/Llama-3.1-70B-Instruct.",,
DeepSeek-Prover-V1.5-Base,DeepSeek-Prover-V1.5,2024-08-15,deepseek-ai,https://huggingface.co/deepseek-ai/DeepSeek-Prover-V1.5-Base,,,
DeepSeek-Prover-V1.5-SFT,DeepSeek-Prover-V1.5,2024-08-15,deepseek-ai,https://huggingface.co/deepseek-ai/DeepSeek-Prover-V1.5-SFT,,,
DeepSeek-Prover-V1.5-RL,DeepSeek-Prover-V1.5,2024-08-15,deepseek-ai,https://huggingface.co/deepseek-ai/DeepSeek-Prover-V1.5-RL,,,
Phi-3.5-MoE-instruct,Phi-3.5-MoE,2024-08-17,microsoft,https://huggingface.co/microsoft/Phi-3.5-MoE-instruct,,,
gemini-1.5-flash-exp-0827,Gemini 1.5 Flash,2024-08-27,,,"Gemini 1.5 Flash (2024-08-27)
Knowledge cutoff date is November 1, 2023, according to https://models.portkey.ai/models/gemini-1-5-flash-exp-0827 and https://klu.ai/glossary/lmsys-leaderboard.",,
Qwen2-VL-72B-Instruct,,2024-08-29,Qwen,,,,
Qwen2-VL-7B-Instruct,,2024-08-29,Qwen,,,,
c4ai-command-r-08-2024,,2024-08-30,CohereForAI,,,,
c4ai-command-r-plus-08-2024,Command R+,2024-08-30,CohereForAI,,,,
long-llava-qwen2-7b,,2024-08-30,aws-prototyping,https://huggingface.co/aws-prototyping/long-llava-qwen2-7b/commits/main,,,
LLaVA-Video-72B-Qwen2,,2024-09-02,lmms-lab,https://huggingface.co/lmms-lab/LLaVA-Video-72B-Qwen2,,,
LLaVA-Video-7B-Qwen2,,2024-09-02,lmms-lab,https://huggingface.co/lmms-lab/LLaVA-Video-7B-Qwen2/commit/65bcb8504ea8f3e7a0ace20b8f2088d065e87bcb,,,
DeepSeek-V2.5,DeepSeek-V2.5,2024-09-06,deepseek-ai,https://huggingface.co/deepseek-ai/DeepSeek-V2.5,,,
o1-mini-2024-09-12_medium,o1-mini,2024-09-12,,https://platform.openai.com/docs/models#o1,"The o1 series of models are trained with reinforcement learning to perform complex reasoning. o1 models think before they answer, producing a long internal chain of thought before responding to the user. Learn about the capabilities of o1 models in our reasoning guide.

There are two model types available today:

o1: reasoning model designed to solve hard problems across domains
o1-mini: fast and affordable reasoning model for specialized tasks
The latest o1 model supports both text and image inputs, and produces text outputs (including Structured Outputs). o1-mini currently only supports text inputs and outputs.

The knowledge cutoff for o1 and o1-mini models is October, 2023.

Knowledge cutoff date of o1-mini is September 30, 2023, according to https://platform.openai.com/docs/models/o1-mini.","4NiUpCrLfz3oFaerkrMeBt,FaRZDKSriUbS3Brt6qprP9,QUTfpiKjphedrKg8H6fGzF,QKY2tL2pcQ33bDkdMCQzdr,hC2FY4WuKm6BLgPhbWeZDY",o1-mini (medium)
o1-preview-2024-09-12,o1-preview,2024-09-12,,https://platform.openai.com/docs/models#o1,"The o1 series of models are trained with reinforcement learning to perform complex reasoning. o1 models think before they answer, producing a long internal chain of thought before responding to the user. Learn about the capabilities of o1 models in our reasoning guide.

There are two model types available today:

o1: reasoning model designed to solve hard problems across domains
o1-mini: fast and affordable reasoning model for specialized tasks
The latest o1 model supports both text and image inputs, and produces text outputs (including Structured Outputs). o1-mini currently only supports text inputs and outputs.

The knowledge cutoff for o1 and o1-mini models is October, 2023.

Knowledge cutoff date of o1-preview-2024-09-12 is September 30, 2023, according to https://platform.openai.com/docs/models/o1.","7CkADTsoNbDd88uqYbqfwj,8Uu6XsSJCKwcwhXDt8vgzq,Cprjaj9JQ9MY5NCXqeQR5H",o1-preview
o1-mini-2024-09-12_high,o1-mini,2024-09-12,,https://platform.openai.com/docs/models#o1,"The o1 series of models are trained with reinforcement learning to perform complex reasoning. o1 models think before they answer, producing a long internal chain of thought before responding to the user. Learn about the capabilities of o1 models in our reasoning guide.

There are two model types available today:

o1: reasoning model designed to solve hard problems across domains
o1-mini: fast and affordable reasoning model for specialized tasks
The latest o1 model supports both text and image inputs, and produces text outputs (including Structured Outputs). o1-mini currently only supports text inputs and outputs.

The knowledge cutoff for o1 and o1-mini models is October, 2023.

Knowledge cutoff date of o1-mini is September 30, 2023, according to https://platform.openai.com/docs/models/o1-mini.","X2gKewiGPZx5DLFEddUUqW,4DWnpJowAfeQDHc2xDNy2C,9zhPZLvNeUPQ7JBSpTwKPp,JPadBpaxxGpdvTXtfHuvPV,2ekT2UzaebvmGprKvmeeEa",o1-mini (high)
o1-mini-2024-09-12_low,o1-mini,2024-09-12,,https://platform.openai.com/docs/models#o1,,,o1-mini (low)
qwen2.5-32b-instruct,Qwen2.5-32B,2024-09-17,Qwen,https://huggingface.co/Qwen/Qwen2.5-32B-Instruct,,"Nk4mmCXFH3mEyCYnQPdPx5,d6JihAFVqUy3u9suNt4P3L,NRCNnCCL5aQKsZf6cKC69Z",
Pixtral-12B-2409,Pixtral 12B,2024-09-17,mistralai,https://huggingface.co/mistralai/Pixtral-12B-2409,,,
Qwen2.5-Coder-0.5B,,2024-09-18,Qwen,https://huggingface.co/Qwen/Qwen2.5-Coder-0.5B,,,
Qwen2.5-Coder-1.5B,Qwen2.5-Coder (1.5B),2024-09-18,Qwen,https://huggingface.co/Qwen/Qwen2.5-Coder-1.5B,,,
Qwen2.5-Coder-3B,,2024-09-18,Qwen,https://huggingface.co/Qwen/Qwen2.5-Coder-3B,,,
Qwen2.5-Coder-7B,Qwen2.5-Coder (7B),2024-09-18,Qwen,https://huggingface.co/Qwen/Qwen2.5-Coder-7B,,,
Qwen2.5-Coder-14B,,2024-09-18,Qwen,https://huggingface.co/Qwen/Qwen2.5-Coder-14B,,,
Qwen2.5-Coder-32B,Qwen2.5-Coder (32B),2024-09-18,Qwen,https://huggingface.co/Qwen/Qwen2.5-Coder-32B,,,
qwen2.5-72b-instruct,Qwen2.5-72B,2024-09-19,Qwen,https://huggingface.co/Qwen/Qwen2.5-72B-Instruct,,"WtALgW6VSFdihDZWXRm2AZ,ni4DJboYYpdRssVeAuro2V,67YbVQfJh7sd77KH3zFgTn",
Qwen2.5-VL-72B-Instruct,Qwen2.5-72B,2024-09-19,Qwen,https://huggingface.co/Qwen/Qwen2.5-VL-72B-Instruct,,,
Qwen2.5-72B,Qwen2.5-72B,2024-09-19,,https://huggingface.co/Qwen/Qwen2.5-72B,,,
gemini-1.5-pro-002,Gemini 1.5 Pro,2024-09-24,,https://ai.google.dev/gemini-api/docs/models/gemini#gemini-1.5-pro,"Gemini 1.5 Pro is a mid-size multimodal model that is optimized for a wide-range of reasoning tasks. 1.5 Pro can process large amounts of data at once, including 2 hours of video, 19 hours of audio, codebases with 60,000 lines of code, or 2,000 pages of text.
Knowledge cutoff date is May 1, 2024, according to https://cloud.google.com/vertex-ai/generative-ai/docs/models/gemini/1-5-pro.","9TrLEEw8TvsyugyCjwvUvD,QyqLmgcJpeDMsnQyaaJVkR,fhCdyX9uUS4WPtjLiVdBdK",
gemini-1.5-flash-002,Gemini 1.5 Flash,2024-09-24,,https://ai.google.dev/gemini-api/docs/models/gemini#gemini-1.5-flash,"Gemini 1.5 Flash is a fast and versatile multimodal model for scaling across diverse tasks.
Knowledge cutoff date is May 1, 2024, according to https://cloud.google.com/vertex-ai/generative-ai/docs/models/gemini/1-5-flash","PCLvrs4TEBtqQqcYeU8pAG,kDnfjYKQpnLGEjuhBc9AvM,QdGZ2m52PWt3EkLPbcoRwz,Hs7dxLcim5bsmuG2DqnnsA,8FtfWCm8DdAqF9rnMVwv8h",
Llama-3.2-90B-Vision-Instruct,Llama 3.2 90B,2024-09-24,meta-llama,https://huggingface.co/meta-llama/Llama-3.2-90B-Vision-Instruct,"Knowledge cutoff date is December 1, 2023, according to https://huggingface.co/meta-llama/Llama-3.2-90B-Vision-Instruct.","9SSHEP95FYVZvHDdoHSRy3,iHRmwxsh8M3FGun8x5mxkt,LHRL6nQJZXGJmYppR7kbGw",
Llama-3.2-11B-Vision-Instruct,Llama 3.2 11B,2024-09-24,meta-llama,https://huggingface.co/meta-llama/Llama-3.2-11B-Vision-Instruct,"Knowledge cutoff date is December 1, 2023, according to https://huggingface.co/meta-llama/Llama-3.2-90B-Vision-Instruct.",,
Llama-3.2-3B-Instruct,Llama 3.2 3B,2024-09-24,meta-llama,,"Knowledge cutoff date is December 1, 2023, according to https://huggingface.co/meta-llama/Llama-3.2-3B-Instruct.",,
Llama-3.2-1B-Instruct,Llama 3.2 1B,2024-09-24,meta-llama,,"Knowledge cutoff date is December 1, 2023, according to https://huggingface.co/meta-llama/Llama-3.2-3B-Instruct.",,
Video-CCAM-7B-v1.2,,2024-09-29,JaronTHU,https://huggingface.co/JaronTHU/Video-CCAM-7B-v1.2,,,
Dracarys2-72B-Instruct,,2024-09-30,abacusai,https://huggingface.co/abacusai/Dracarys2-72B-Instruct,,,
Aria,,2024-09-30,rhymes-ai,https://huggingface.co/rhymes-ai/Aria,,,
gemini-1.5-flash-8b-001,Gemini 1.5 Flash 8B,2024-10-03,,https://ai.google.dev/gemini-api/docs/models/gemini#gemini-1.5-flash-8b,"Gemini 1.5 Flash-8B is a small model designed for lower intelligence tasks.
Knowledge cutoff date appears to be October 1, 2024, according to https://llm-stats.com/models/compare/gemini-1.5-flash-8b-vs-deepseek-v2.5.","jGY5Ee5P9dyStA4Fw5Pa6q,gFT36W4KU3wggLQ9nNCctg",
ByteVideoLLM-14B,,2024-10-13,Hon-Wong,https://huggingface.co/Hon-Wong/ByteVideoLLM-14B,,,
Ministral-8B-Instruct-2410,Ministral 8B,2024-10-16,mistralai,https://huggingface.co/mistralai/Ministral-8B-Instruct-2410,,,
ministral-3b-2410,Ministral 3B,2024-10-16,,,,"bJV4D8SEo9zMJPEYTTXJNZ,YNhHxRT9Ee2uEWWJh9RXuP",
ministral-8b-2410,Ministral 8B,2024-10-16,,,,"DGEzZA6nvTne4MEGSuo3Tm,hqdiKcvEPSRyvenUVB9qxM",
Video-XL-7B,,2024-10-17,,https://github.com/VectorSpaceLab/Video-XL,,,
claude-3-5-haiku-20241022,Claude 3.5 Haiku,2024-10-22,,,"Knowledge cutoff date is July 1, 2024, according to https://docs.anthropic.com/en/docs/about-claude/models/overview.","cqhrR5KnwpcuAVpHkZGQFd,Qe4yHtQm26TQHFCAjhKBaA,JQcqpW9xPfJRKJkHne6DpK,JpLxrpvthx7A75sbaHZ9Et,GSvi9Zf5aK3t5TfCPqNRHy",Claude 3.5 Haiku (Oct 2024)
claude-3-5-sonnet-20241022,Claude 3.5 Sonnet,2024-10-22,,,"Knowledge cutoff date is April 1, 2024, according to https://docs.anthropic.com/en/docs/about-claude/models/overview.","JCCVcVLz3J4TQXSU67hMJZ,AjroyuZECXLtMTwnzaMHtX,geVVaRWxuprKUqnW2VzvCa,ADAsCz7ZtJ8E4inNusQebu,MVnDrt94wyokzx3a7ZJkph,GUbGX7GABSbhxMXiYC5NFr",Claude 3.5 Sonnet (Oct 2024)
Oryx-1.5-32B,,2024-10-22,THUdyh,https://huggingface.co/THUdyh/Oryx-1.5-32B,,,
doubao-pro-32k,Doubao-pro,2024-10-28,,,"for 'doubao-pro-32k', I'm relying on https://www.volcengine.com/docs/82379/1302004
",,
qwen-turbo-2024-11-01,Qwen Turbo,2024-11-01,,,,"9Ke5At9bYuf56SmKJJ7Sz7,jWV936hYKg6rYcPEynzEEt,G5gxbTH33S7LXA29o5fgmv",
kangaroo,,2024-11-13,KangarooGroup,https://huggingface.co/KangarooGroup/kangaroo,,,
Mistral-Large-Instruct-2411,Mistral Large 2,2024-11-15,mistralai,https://huggingface.co/mistralai/Mistral-Large-Instruct-2411,,,
mistral-large-2411,Mistral Large 2,2024-11-18,,,,"MMqL6fQSwsBKAdBSfxrYpU,n9gpXfUzo8SbWqvrG2q4xM,beRGgJXTJggTi8PPEZNoZ5,kPCieUA4pKDto2xEfvQqSL,cEvTUVyxAqq5UDgsGQbvLM",
gpt-4o-2024-11-20,GPT-4o,2024-11-20,,https://platform.openai.com/docs/models#gpt-4o,"GPT-4o (“o” for “omni”) is our versatile, high-intelligence flagship model. It accepts both text and image inputs, and produces text outputs (including Structured Outputs). 
The knowledge cutoff for GPT-4o models is October, 2023 (https://learn.microsoft.com/en-us/azure/ai-services/openai/concepts/models?tabs=global-standard%2Cstandard-chat-completions#gpt-4o-and-gpt-4-turbo).","gULKGqAe9nG9syxmYMtkhi,D3G2BKGnh6YSvw4bEYSdiY,buNVL2TWcdVgxAcMfVE8xJ,SNDo6TsviYYTiH2kCmf7Pr,Z7HU95T8eema56EpLtECvG",GPT-4o (Nov 2024)
chatgpt-4o-11-25-2024,GPT-4o,2024-11-20,,,"Inferred from release notes, OpenAI API currently doesn't specify specific dates.
This model appears to have had a knowledge cutoff date of November 1, 2023, prior to January 29, 2025, according to https://help.openai.com/en/articles/9624314-model-release-notes#h_826f21517f.",,
Llama-3.1-Tulu-3-70B-DPO, Tulu 3 (Tülu 3) 70B,2024-11-21,allenai,https://huggingface.co/allenai/Llama-3.1-Tulu-3-70B-DPO,"The base model has a knowledge cutoff date of December 1, 2023, according to https://huggingface.co/meta-llama/Llama-3.1-70B.","5JgivNDZp2D7Lc7cpDhS28,Hf2ESooSteQK99yFjhFm8t,FGcofc566CradiNmHUGqVB",
Qwen2.5-Coder-32B-Instruct,Qwen2.5-Coder (32B),2024-11-21,Qwen,,,,
mPLUG-Owl3-7B-241101,,2024-11-26,mPLUG,https://huggingface.co/mPLUG/mPLUG-Owl3-7B-241101,,,
TimeMarker,,2024-11-27,,https://huggingface.co/papers/2411.18211,Weights not yet available,,
qwen2-57b-a14b-instruct,Qwen2-57B-A14B,2024-11-28,Qwen,,,,
qwen2-7b-instruct,Qwen2-7B,2024-11-28,Qwen,,,,
QwQ-32B-Preview,QwQ-32B,2024-11-28,Qwen,,,,
yi-lightning,Yi-Lightning,2024-12-02,,https://huggingface.co/papers/2412.01253,Only a technical report available,,
amazon.nova-pro-v1:0,Amazon Nova Pro,2024-12-03,,,,,
amazon.nova-micro-v1:0,Amazon Nova Micro,2024-12-03,,,,,
amazon.nova-lite-v1:0,Amazon Nova Lite,2024-12-03,,,,,
Llama-3.3-70B-Instruct,Llama 3.3 70B,2024-12-06,meta-llama,https://huggingface.co/meta-llama/Llama-3.3-70B-Instruct,"Knowledge cutoff date is December 1, 2023, according to https://huggingface.co/meta-llama/Llama-3.3-70B-Instruct.","TxXS78Wg2pSCDbpmeJuzQn,DeaDxFfiQtCTdnZPH7Awaf,ZjsXQpZ7SsejXDo52aetZZ",
gemini-exp-1206,Gemini 2.0 Flash,2024-12-06,,https://blog.google/feed/gemini-exp-1206/,,,
llama3.3:70b-instruct-q8_0,Llama 3.3 70B,2024-12-06,,https://ollama.com/library/llama3.3:70b-instruct-q8_0,"Knowledge cutoff date appears to be December 1, 2023, according to https://build.nvidia.com/meta/llama-3_3-70b-instruct/modelcard.",,
InternVL2_5-78B,InternVL2_5-78B,2024-12-06,OpenGVLab,https://huggingface.co/OpenGVLab/InternVL2_5-78B,,,
LinVT,,2024-12-06,,https://arxiv.org/abs/2412.05185,Weights not yet available,,
DeepSeek-V2.5-1210,DeepSeek-V2.5,2024-12-10,deepseek-ai,https://huggingface.co/deepseek-ai/DeepSeek-V2.5-1210,,,DeepSeek-V2.5 (Dec 2024)
NVILA-8B,NVILA 8B,2024-12-10,Efficient-Large-Model,https://huggingface.co/Efficient-Large-Model/NVILA-8B/tree/main,,,
gemini-2.0-flash-exp,Gemini 2.0 Flash,2024-12-11,,,"Knowledge cutoff date appears to be August 1, 2024, according to https://aimlapi.com/models/gemini-2-0-flash-experimental and https://web.archive.org/web/20250318112218/https://ai.google.dev/gemini-api/docs/models/gemini#model-versions.",,
grok-2-1212,Grok-2,2024-12-12,,https://x.ai/blog/grok-1212,"""Our latest text model supporting structured outputs, with improved efficiency, speed and capabilities.""","83DRJD4FvjwqU9eStRaNiU,Kpck3pLw3veM5Mt7WZAb8G,PpSVDb67Ucbxpcd8JQv5ii,7rbXSQ8hFiXCCFv2vtqiiH,kinyvFjqSqUiY5FyYv7tsA",
grok-2-vision-1212,Grok-2,2024-12-12,,https://x.ai/blog/grok-1212,"""Our latest image understanding model with increased context window that can process a wide variety of visual information, including documents, diagrams, charts, screenshots, and photographs.""",,
phi-4,Phi-4,2024-12-12,microsoft,https://huggingface.co/microsoft/phi-4,,"RAwuPRwJedy7P2KeQhEmr8,PnvmfAHVxH9oXfcdcUeUZ3,5mmrBSQb7hVSJ9VYtNm46i",
o1-2024-12-17_medium,o1,2024-12-17,,https://platform.openai.com/docs/models#o1,"The o1 series of models are trained with reinforcement learning to perform complex reasoning. o1 models think before they answer, producing a long internal chain of thought before responding to the user. Learn about the capabilities of o1 models in our reasoning guide.

There are two model types available today:

o1: reasoning model designed to solve hard problems across domains
o1-mini: fast and affordable reasoning model for specialized tasks
The latest o1 model supports both text and image inputs, and produces text outputs (including Structured Outputs). o1-mini currently only supports text inputs and outputs.

The knowledge cutoff for o1 and o1-mini models is October, 2023.

Knowledge cutoff date of o1-2024-12-17 is September 30, 2023, according to https://platform.openai.com/docs/models/o1.","Uczhz7MKLstjLkSbbGuwdN,AzanNoyhhVrtQi63Azo6hu,KvcqycaJpCQMBigiEosyzC",o1 (medium)
o1-2024-12-17_high,o1,2024-12-17,,https://platform.openai.com/docs/models#o1,"The o1 series of models are trained with reinforcement learning to perform complex reasoning. o1 models think before they answer, producing a long internal chain of thought before responding to the user. Learn about the capabilities of o1 models in our reasoning guide.

There are two model types available today:

o1: reasoning model designed to solve hard problems across domains
o1-mini: fast and affordable reasoning model for specialized tasks
The latest o1 model supports both text and image inputs, and produces text outputs (including Structured Outputs). o1-mini currently only supports text inputs and outputs.

The knowledge cutoff for o1 and o1-mini models is October, 2023.

Knowledge cutoff date of o1-2024-12-17 is September 30, 2023, according to https://platform.openai.com/docs/models/o1.","NAkCFiFiDSN3NXMj7HMvMS,jVXtRkTBDnqH8p4sjVUbgN,BhT6UhKLcghqng7J8NbPWH,bynpttv6jLvbXTY7ktnBpk",o1 (high)
o1-2025-12-17_low,o1,2024-12-17,,https://platform.openai.com/docs/models#o1,,,o1 (low)
llama-3.1-nemotron-70b-instruct,Llama-3.1-Nemotron-70B-Instruct,2024-12-18,nvidia,https://huggingface.co/nvidia/Llama-3.1-Nemotron-70B-Instruct,"Knowledge cutoff date is December 1, 2023, according to https://catalog.ngc.nvidia.com/orgs/nvidia/teams/nemo/models/llama-3_1-70b-instruct-nemo.",,
gemini-2.0-flash-thinking-exp-1219,Gemini 2.0 Flash Thinking,2024-12-19,,,"Knowledge cutoff date appears to be August 1, 2024, according to https://www.neowin.net/news/google-takes-on-openai-o1-series-with-the-new-gemini-20-flash-thinking-model/.",,
VITA-1.5,,2024-12-20,,https://github.com/VITA-MLLM/VITA,,,
DeepSeek-V3,DeepSeek-V3,2024-12-26,deepseek-ai,https://huggingface.co/deepseek-ai/DeepSeek-V3,,"Vwo3nMA8g2gGBCyTdKFMQJ,exvQCLCiga6gE7zvQNp2Z6,7saSEhfVvXuz4yTcGy5u2y,iKvrBWEvZT26XhFBRcavtf,aXcfCytWFYNk7E5AZGMzLb",
QwQ-32B-Preview-Q8_0-GGUF,QwQ-32B,2024-12-27,Triangle104,https://huggingface.co/Triangle104/QwQ-32B-Preview-Q8_0-GGUF,,,
Eurus-2-7B-PRIME,Eurus-2-7B-PRIME,2024-12-31,PRIME-RL,https://huggingface.co/PRIME-RL/Eurus-2-7B-PRIME,,RJm4u2vXF6PUmThJGzAfHE,
OLMo-2-1124-13B-Instruct,OLMo 2 Furious 13B,2024-12-31,allenai,,,,
VideoChat-Flash-Qwen2-7B_res448,,2025-01-11,OpenGVLab,https://huggingface.co/OpenGVLab/VideoChat-Flash-Qwen2-7B_res448,,,
MiniCPM-o-2_6,,2025-01-12,openbmb,https://huggingface.co/openbmb/MiniCPM-o-2_6,,,
codestral-2501,Codestral,2025-01-13,,https://mistral.ai/news/codestral-2501,,,
s1-32B,s1,2025-01-14,simplescaling,https://huggingface.co/simplescaling/s1-32B,,,
LLaVA-Video-7B-Qwen2-TPO,,2025-01-19,ruili0,https://huggingface.co/ruili0/LLaVA-Video-7B-Qwen2-TPO,,,
DeepSeek-R1,DeepSeek-R1,2025-01-20,deepseek-ai,https://huggingface.co/deepseek-ai/DeepSeek-R1,,"fFGyQR2mfDufvrSV2rzWyV,XVqLs2khGFSNwEbHJTEgRU,bBY5VZzpDkmTBdSSvu5Ups",
DeepSeek-R1-Distill-Llama-70B,DeepSeek-R1-Distill-Llama-70B,2025-01-20,deepseek-ai,,"Knowledge cutoff date is estimated at May 1, 2024, according to https://hub.docker.com/r/ai/deepseek-r1-distill-llama.","89zcekqEYnE8zhwG4pR5Nu,f6pnAATjxmrFJS353EjQKi,oPDoTJFMhMNvU4sybYu2jQ",
DeepSeek-R1-Distill-Qwen-1.5B,DeepSeek-R1-Distill-Qwen-1.5B,2025-01-20,deepseek-ai,,,,
DeepSeek-R1-Distill-Qwen-14B,DeepSeek-R1-Distill-Qwen-14B,2025-01-20,deepseek-ai,,,"8UqaLobhmNJLuPGTTpeaCw,R8XGt5ScHpmTbD5DnXR59V",
DeepSeek-R1-Distill-Llama-8B,DeepSeek-R1-Distill-Llama-8B,2025-01-20,deepseek-ai,,"Knowledge cutoff date is estimated at May 1, 2024, according to https://hub.docker.com/r/ai/deepseek-r1-distill-llama.",,
DeepSeek-R1-Distill-Qwen-32B,DeepSeek-R1-Distill-Qwen-32B,2025-01-20,deepseek-ai,,,,
DeepSeek-R1-Distill-Qwen-7B,DeepSeek-R1-Distill-Qwen-7B,2025-01-20,deepseek-ai,,,,
gemini-2.0-flash-thinking-exp-01-21,Gemini 2.0 Flash Thinking,2025-01-21,,,"Knowledge cutoff date appears to be August 1, 2024, according to https://www.datacamp.com/blog/gemini-2-0-flash-experimental.","ag9w2w4xa47ghZaWt5oZey,cXz2gsCmGYSvQ6Ey4LDiN7",Gemini 2.0 Flash Thinking Exp
sonar-pro,Sonar,2025-01-21,,https://www.perplexity.ai/hub/blog/introducing-the-sonar-pro-api,,,
CUA,Computer-Using Agent (CUA),2025-01-23,,,,,
mistral-small-2501,Mistral Small 3,2025-01-25,,https://mistral.ai/news/mistral-small-3/,,"NbsnvBsMoMizozbPZY8LLb,oDq358GfyV5Au65scERdVo,b4vEwq8UVmGmAKh4eqp6G3",
qwen-max-2025-01-25,Qwen2.5-Max,2025-01-25,,,,"GBf7rqHkGGzfX87V37F9mH,GFZDNH95TnVegNrEtmUT2Q,hWj4Vg5DgUWxhZrT4LWKeU,F77vDPynTKJbz7m2bt7Py8,PZt4Yb9bpXVPDoPi4uTxwK",
qwen-plus-2025-01-25,Qwen Plus,2025-01-25,,,,"QtraMoKiQRRpZc9txpFAYF,J3WoEpLKAJZWGGpyBVCCCn,AULNJG2C75JBP6uaiAgj3P",
qwen2.5-max,Qwen2.5-Max,2025-01-28,,,,,
chatgpt-4o-01-29-2025,GPT-4o,2025-01-29,,,"Inferred from release notes, OpenAI API currently doesn't specify specific dates.
This model had a knowledge cutoff date of June 1, 2024, according to https://help.openai.com/en/articles/9624314-model-release-notes#h_826f21517f.",,
o3-mini-2025-01-31_medium,o3-mini,2025-01-31,,,"Knowledge cutoff date of 03-mini is September 30, 2023, according to https://platform.openai.com/docs/models/o3-mini.","ehvA5nisC7GMbgbyy3Z4Et,2RiSB2ii5kf2Q6fDBv2P3E,ajytUBY9bDPNNxuBfi5UBS,UjGSDrmEPtVoVGdVSbUMsb,U8CjtcxudQeP2cnMNixfJH,kvVyU6crkxAnG3DAUciMGc",o3-mini (medium)
o3-mini-2025-01-31_high,o3-mini,2025-01-31,,,"Knowledge cutoff date of 03-mini is September 30, 2023, according to https://platform.openai.com/docs/models/o3-mini.","MzsTvCEEfEpzn4WvxYdJkX,3VDhPT5WvzjJZkRc36Kuvi,Mjx6vYbgAb2DHXK8xcupX8,JJqAHUs8LTLCKhnTWQUVTi,GZeqEeaiEhnLJSzVogT9N4",o3-mini (high)
o3-mini-2025-01-31_low,o3-mini,2025-01-31,,,"Knowledge cutoff date of 03-mini is September 30, 2023, according to https://platform.openai.com/docs/models/o3-mini.",,
gemini-2.0-flash-001,Gemini 2.0 Flash,2025-02-05,,,"Knowledge cutoff date is June 1, 2024, according to https://cloud.google.com/vertex-ai/generative-ai/docs/models/gemini/2-0-flash.","fbszwTApm3f28z5VA6oXBK,SqwGZz2UfTmbvPiw2rq3LH,ZnGSRrKbiEnuju4kk4sgVb,PDACS493wNy85eyMC9NULs,5RpSr8gJZfcZn586aV2hDW,ne2Anciuxh2k3VXGYG4Nqy",Gemini 2.0 Flash (Feb 2025)
gemini-2.0-pro-exp-02-05,Gemini 2.0 Pro,2025-02-05,,,"Knowledge cutoff date is August 1, 2024, according to https://web.archive.org/web/20250318112218/https://ai.google.dev/gemini-api/docs/models.","g5YE7G6DXb45EH4HxEdiht,fvDt6HaHV5d3gSEuavixsv,RaMuNb5qvzGzMveuZuhEAZ",Gemini 2.0 Pro Exp (Feb 2025)
gemini-2.0-flash-lite,Gemini 2.0 Flash-Lite,2025-02-05,,,"Knowledge cutoff date is August 1, 2024, according to https://ai.google.dev/gemini-api/docs/models.",,
gemini-2.0-flash-lite-preview-02-05,Gemini 2.0 Flash-Lite,2025-02-05,,,"Knowledge cutoff date appears to be August 1, 2024, according to https://web.archive.org/web/20250318112218/https://ai.google.dev/gemini-api/docs/models.",,
gemini-2.0-flash-02-05,Gemini 2.0 Flash,2025-02-05,,,"Knowledge cutoff date is August 1, 2024, according to https://ai.google.dev/gemini-api/docs/models.",,
Qwen2.5-Coder-32B-Instruct-Q8_0-GGUF,Qwen2.5-32B,2025-02-16,Lucy-in-the-Sky,https://huggingface.co/Lucy-in-the-Sky/Qwen2.5-Coder-32B-Instruct-Q8_0-GGUF,,,
claude-3-7-sonnet-20250219,Claude 3.7 Sonnet,2025-02-24,,,"Knowledge cutoff date is November 1, 2024, according to https://docs.anthropic.com/en/docs/about-claude/models/overview.","PyNEkFCfMEReodeE2oiPhh,6uSKG2QxR8atueXmDWAPXn,N2NcmgmHyGJ9HNmQe5yvcS,m7X2ppkiEkweCtFppiRW8S,dvMWxBZMaxp6adP9zGszYG,MCv2wDLoTzqMRrN8dATPEv",
claude-3-7-sonnet-20250219_16K,Claude 3.7 Sonnet,2025-02-24,,,"Knowledge cutoff date is likely November 1, 2024, the same as that of claude-3-7-sonnet-20250219, according to https://docs.anthropic.com/en/docs/about-claude/models/overview.","Vn3Ug88CRbxEaJhLbRzAWD,hWeVyRo3hN5H4AspNc9cuf,64LAJymM6eXDkRZb92Mdg8,PU7LXbdNB8Unfvu4qCeJZF,8wm9yBTJHoY6ui45QTpjn2",Claude 3.7 Sonnet (16k thinking)
claude-3-7-sonnet-20250219_64K,Claude 3.7 Sonnet,2025-02-24,,,"Knowledge cutoff date is likely November 1, 2024, the same as that of claude-3-7-sonnet-20250219, according to https://docs.anthropic.com/en/docs/about-claude/models/overview.","Rfy7A5TbRK343mTyQkeGt7,DoU54Xy93J3MxztC4uxwYy,2t26VSNdsAE5pefQEMP25x,QW3FUBn5qtAFEX4oQuzEAV,epCyFNTf6vyUi5Dby7GeTq",Claude 3.7 Sonnet (64k thinking)
claude-3-7-sonnet-20250219_32K,Claude 3.7 Sonnet,2025-02-24,,,"Knowledge cutoff date is likely November 1, 2024, the same as that of claude-3-7-sonnet-20250219, according to https://docs.anthropic.com/en/docs/about-claude/models/overview.","iv9yfwZ9vTznxQfvJF6J7p,dSuGgEbnQErengjEboPn62,WHGMHrneqJs4nefAh4TjZR,VzgR6YSTMWX3dFDwQgmFpM,aZqVpPa4SWHapN9QHEoEm3",Claude 3.7 Sonnet (32k thinking)
claude-3-7-sonnet-20250219_8K,Claude 3.7 Sonnet,2025-02-24,,,"Knowledge cutoff date is likely November 1, 2024, the same as that of claude-3-7-sonnet-20250219, according to https://docs.anthropic.com/en/docs/about-claude/models/overview.",,Claude 3.7 Sonnet (8k thinking)
claude-3-7-sonnet-20250219_15K,Claude 3.7 Sonnet,2025-02-24,,,"Knowledge cutoff date is likely November 1, 2024, the same as that of claude-3-7-sonnet-20250219, according to https://docs.anthropic.com/en/docs/about-claude/models/overview.",,Claude 3.7 Sonnet (15k thinking)
claude-3-7-sonnet-20250219_12K,Claude 3.7 Sonnet,2025-02-24,,,,,Claude 3.7 Sonnet (12k thinking)
claude-3-7-sonnet-20250219_1K,Claude 3.7 Sonnet,2025-02-24,,,,,Claude 3.7 Sonnet (1k thinking)
gemini-2.0-flash-lite-001,Gemini 2.0 Flash-Lite,2025-02-25,,,"Knowledge cutoff date is June 1, 2024, according to https://cloud.google.com/vertex-ai/generative-ai/docs/models/gemini/2-0-flash-lite.",,
qwen2.5-7b-instruct,Qwen2.5-7B,2025-02-26,Qwen,,,,
qwen2.5-14b-instruct,Qwen2.5-14B,2025-02-26,Qwen,,,,
phi4:14b-q8_0,Phi-4,2025-02-26,,https://ollama.com/library/phi4:14b-q8_0,,,
Phi-4-mini-instruct,Phi-4 Mini,2025-02-27,microsoft,,,,
gpt-4.5-preview-2025-02-27,GPT-4.5,2025-02-27,,,"This is the current version of the model, which has a knowledge cutoff date of October 1, 2023, according to https://learn.microsoft.com/en-us/azure/ai-services/openai/concepts/models?tabs=global-standard%2Cstandard-chat-completions#gpt-45-preview.","dodibSv7pk8GtqeMy4YLQg,9DCJMt7YsTMDenTdX4Db6V,japqZFi3FS7um32EHG6wwW",GPT-4.5 Preview (Feb 2025)
QwQ-32B,QwQ-32B,2025-03-05,Qwen,https://huggingface.co/Qwen/QwQ-32B,,,
QwQ-32B (16K thinking),QwQ-32B,2025-03-05,Qwen,https://huggingface.co/Qwen/QwQ-32B,,,
chutes/QwQ-32B,QwQ-32B,2025-03-05,,https://chutes.ai/app/chute/2291db94-1463-5bb3-af2b-72c8d254ee9c,,,
reka-flash-3,Reka Flash 3,2025-03-10,RekaAI,https://huggingface.co/RekaAI/reka-flash-3,,,
chutes/Gemma-3-27b-It,Gemma 3 27B,2025-03-11,,https://chutes.ai/app/chute/16f41e4f-f2ca-5580-a0a6-46727ae4c212,,,
computer-use-preview-2025-03-11,,2025-03-11,,https://platform.openai.com/docs/models/computer-use-preview,,,
gemma-3-27b-it,Gemma 3 27B,2025-03-12,google,https://huggingface.co/google/gemma-3-27b-it,"Knowledge cutoff date is August 1, 2024, according to https://ai.google.dev/gemma/docs/core/model_card_3#:~:text=The%2027B%20model%20was%20trained,training%20data%20was%20August%202024.","FtxiPnS7ZH5qLrmFgp4ca2,A3ZGeCNhHMp55ZjtRtCGVB,amrtN7UjAtuyEmv5DaGshP",
gemma-3-12b-it,Gemma 3 12B,2025-03-12,google,https://huggingface.co/google/gemma-3-12b-it,"Knowledge cutoff date is August 1, 2024, according to https://ai.google.dev/gemma/docs/core/model_card_3#:~:text=The%2027B%20model%20was%20trained,training%20data%20was%20August%202024.",,
gemma-3-4b-it,Gemma 3 4B,2025-03-12,google,https://huggingface.co/google/gemma-3-4b-it,"Knowledge cutoff date is August 1, 2024, according to https://ai.google.dev/gemma/docs/core/model_card_3#:~:text=The%2027B%20model%20was%20trained,training%20data%20was%20August%202024.",,
gemma-3-1b-it,Gemma 3 1B,2025-03-12,google,https://huggingface.co/google/gemma-3-1b-it,"Knowledge cutoff date is August 1, 2024, according to https://ai.google.dev/gemma/docs/core/model_card_3#:~:text=The%2027B%20model%20was%20trained,training%20data%20was%20August%202024.",,
c4ai-command-a-03-2025,Cohere Command A,2025-03-13,CohereForAI,,,,
mistral-small-2503,Mistral Small 3.1,2025-03-17,,https://mistral.ai/news/mistral-small-3-1,,"S8bBDAbucsFceirHxeEDvu,Kas7Y5PBsT7Li5Wm6Y8mj8,JxqtHWrwCtYoQYBB3jVqB9",
EXAONE-Deep-32B,EXAONE Deep 32B,2025-03-18,LGAI-EXAONE,https://huggingface.co/LGAI-EXAONE/EXAONE-Deep-32B,,,
o1-pro-2025-03-19_low,o1,2025-03-19,,,,,
Llama-3.3-70B-Instruct-Q8_0-GGUF-draft,Llama 3.3 70B,2025-03-20,hope-hui,https://huggingface.co/hope-hui/Llama-3.3-70B-Instruct-Q8_0-GGUF-draft,"Converted to gguf format from Llama-3.3-70B-Instruct, which has a knowledge cutoff date of December 1, 2023, according to https://huggingface.co/meta-llama/Llama-3.3-70B-Instruct.",,
DeepSeek-V3-0324,DeepSeek-V3,2025-03-24,deepseek-ai,https://huggingface.co/deepseek-ai/DeepSeek-V3-0324,,"VjfLwKbT6kTprYsMGcz2YT,YFyn28VJ6m2hfop3KGRkBs,VpsMexBEhXkPYJBe7v6Fk9,fpjeeuxXr5G2EdUXAgtynx",DeepSeek-V3 (Mar 2025)
chutes/DeepSeek-V3-0324,DeepSeek-V3,2025-03-24,,https://chutes.ai/app/chute/154ad01c-a431-5744-83c8-651215124360?tab=stats,,,
gemini-2.5-pro-exp-03-25,Gemini 2.5 Pro,2025-03-25,,,"Knowledge cutoff date should be January 1, 2025, according to https://web.archive.org/web/20250326023002/https://ai.google.dev/gemini-api/docs/models#gemini-2.5-pro-exp-03-25.",WKjzEQdfnBHnYeZoKeCWnB,Gemini 2.5 Pro Exp (Mar 2025)
qvq-max-2025-03-25,QVQ-Max,2025-03-25,,,,,
chatgpt-4o-03-27-2025,GPT-4o,2025-03-27,,,"Inferred from release notes, OpenAI API currently doesn't specify specific dates.
This model appears to be called ChatGPT-4o by OpenAI, and chatgpt-4o-latest has a knowledge cutoff date of September 30, 2023, according to Chttps://platform.openai.com/docs/models/chatgpt-4o-latest",,
Llama-4-Scout-17B-16E-Instruct,Llama 4 Scout,2025-04-05,meta-llama,,"Knowledge cutoff date is August 1, 2024, according to https://huggingface.co/meta-llama/Llama-4-Scout-17B-16E-Instruct.","MsXAXDEKP3xBKtiA7aTBBG,c6rTyTFCeoHMBzC2QwjxFL,T3X5DeC47iqCaoRYXu5k8L,m96PYCivjSmTVDd27zw84m,bhjLDA5A7gddsX5cAYKma8",
Llama-4-Maverick-17B-128E-Instruct-FP8,Llama 4 Maverick,2025-04-05,meta-llama,,"Knowledge cutoff date is August 1, 2024, according to https://deepinfra.com/meta-llama/Llama-4-Maverick-17B-128E-Instruct-FP8.","LyHy99ubGCqBhoaksQjkiF,HkjCosgMFq5QXB2CyTyU7r,GJEpPThqUxXJBSbvkuXVnw,M2qDSno6GVHdWjcdGRGy9D,QjvBS34fsngfBBMZUirSyh",Llama 4 Maverick (FP8)
Llama-4-Maverick-17B-128E-Instruct,Llama 4 Maverick,2025-04-05,meta-llama,,"Knowledge cutoff date is August 1, 2024, according to https://huggingface.co/meta-llama/Llama-4-Maverick-17B-128E-Instruct.",,Llama 4 Maverick
qwq-plus,QWQ-Plus,2025-04-08,,,,PtxHF8BH8WuNdNfDnutGBb,
grok-3-beta,Grok-3,2025-04-09,,,,"FQ8Ykq4JWRSXnyF9rbmLc7,DKTzh9kSoipZGkDsC4NGf3,WBwJHBpCqKQvZBnoZ4Y8H9,i9eqMbaVTDDuCxWxzGHxyU,DzjFQArKFTZHioQVwKYVtX,Sp6nNR4N7zRGrqPCkgJ4Mn",
grok-3-mini-beta_low,Grok-3 mini,2025-04-09,,,,"McxfQdC5aypnD3STwZUBjH,TTmhagb2ovbi7GJnDxEfrj,5QyCm49Lce2PpGVcZLomCz,mvPsa56tAProncoFm6Y7aW,9FTMS2t6Ksm43CduHeqtJr,MgQteQgHEpQAAQw7DFbh2u",
grok-3-mini-beta_high,Grok-3 mini,2025-04-09,,,,"JFZMWFVGNi5R5TdZrvQUFw,fPtize44vDPcDAzMFuAurw,HMm8XaDBr4CQdMFddasEWb,HQ3GnLdmf8Cy6dceb8d7cL,Z83F6bJ7Ne5rXaXwgR2xWT",
grok-3-mini-beta_medium,Grok-3 mini,2025-04-09,,,,,
gemini-2.5-pro-preview-03-25,Gemini 2.5 Pro,2025-04-09,,,"Knowledge cutoff date is January 1, 2025, according to https://web.archive.org/web/20250000000000*/https://developer.box.com/guides/box-ai/ai-models/google-gemini-1-5-flash-001-model-card/.",XRkZCzSoQC5yYiQ3xitNdC,
grok-3,Grok-3,2025-04-09,,,,,
gpt-4.1-2025-04-14,GPT-4.1,2025-04-14,,,"This is the current version of this model and has a knowledge cutoff date of May 31, 2024, according to https://learn.microsoft.com/en-us/azure/ai-services/openai/concepts/models?tabs=global-standard%2Cstandard-chat-completions#gpt-41-series.","Gj8pd5gU9r4LqwDK8XZ4mL,VAQtARXUPTpdxGKMekUSbX,YyJXPVXJjN5EnLfYjfCTrQ,QjrnNoyDCzDYmFxgfYCuTm,NPeiYpjbscreYnFkHPvcNB,Q6UB2pBAwruHWXCNQvKGVv",GPT-4.1
gpt-4.1-mini-2025-04-14,GPT-4.1 mini,2025-04-14,,,"This is the current version of this model and has a knowledge cutoff date of May 31, 2024, according to https://learn.microsoft.com/en-us/azure/ai-services/openai/concepts/models?tabs=global-standard%2Cstandard-chat-completions#gpt-41-series.","6ybVweWdTfiCuirnS2BKXD,dXHddeGRX7JRVa5UNfad5C,cXbbdQDW2jeYassmRuZYpU,jM7D9QpAZVXuP93HM6ST5w,ephMMUGDANc9iVTNNuuoZx,dD8n3SgLkV3Xse6bbG8mMB",GPT-4.1 mini
gpt-4.1-nano-2025-04-14,GPT-4.1 nano,2025-04-14,,,"This is the current version of this model and has a knowledge cutoff date of May 31, 2024, according to https://learn.microsoft.com/en-us/azure/ai-services/openai/concepts/models?tabs=global-standard%2Cstandard-chat-completions#gpt-41-series.","K4TfMXsaPd4Z46zFmiV4Rf,azWfeFPP6zSocuQX3JYBU5,3qLHwibDhgtWEbKGwxUYVa,R4GLbPVPjbATgWQJFjF2EQ,chtQvebcoaE33KkhAjbCnw",GPT-4.1 nano
glm-z1-rumination-32b-0414,GLM-Z1-Rumination-32B-0414,2025-04-14,THUDM,https://huggingface.co/THUDM/GLM-Z1-Rumination-32B-0414,,,
o3-2025-04-16_medium,o3,2025-04-16,,,"Knowledge cutoff date of o3 is May 31, 2024, according to https://platform.openai.com/docs/models/o3.","gdKs4ZBYcVz8oUvzu5VkDB,jMt3i7znSKdhTniR6o6b5C",o3 (medium)
o3-2025-04-16_high,o3,2025-04-16,,,"Knowledge cutoff date of o3 is May 31, 2024, according to https://platform.openai.com/docs/models/o3.","evANZQ9oQTdGYbDERw7VrD,6anLU9CfBBNQkWyJG2GDCa,gXQ6PHjaqbjcBj6KV9UKSK,dECNMk4kcUtMHLzb3tgaCX,6oW3GceNQznewQJRwLigth",o3 (high)
o4-mini-2025-04-16_medium,o4-mini,2025-04-16,,,"Knowledge cutoff date of o4-mini is May 31, 2024, according to https://platform.openai.com/docs/models/o4-mini.","V7txn6pocsNsZSzt5dkZkJ,8ozSh7wRxGu4zL4yjyEF2L,eTCmM2smJzrY4xjJnrboT2",o4-mini (medium)
o4-mini-2025-04-16_high,o4-mini,2025-04-16,,,"Knowledge cutoff date of o4-mini is May 31, 2024, according to https://platform.openai.com/docs/models/o4-mini.","9Sgsz5XCjscuZkexf7MX9c,TVsxkJ8ZyfMVmVx88Qq3KN,E9AfnKpQrDsFWKmXMhBbJS,ir92cSRbauVXmQfqTSaiSx,727ixGKZ7A7G8LmavE2ScL",o4-mini (high)
o3-2025-04-16_low,o3,2025-04-16,,,"Knowledge cutoff date of o3 is May 31, 2024, according to https://platform.openai.com/docs/models/o3.","47yfmJgzAJq5DfUcBGVebV,4yHiPUjmcqGZijjnQ6V25s",o3 (low)
o4-mini-2025-04-16_low,o4-mini,2025-04-16,,,"Knowledge cutoff date of o4-mini is May 31, 2024, according to https://platform.openai.com/docs/models/o4-mini.","BMEJvvJKbhHa5q7YTuCeAi,HTqZUWGZ8bXbJ4dBRUZ3wv",o4-mini (low)
gemini-2.5-flash-preview-04-17,Gemini 2.5 Flash,2025-04-17,,,"Knowledge cutoff date is January 1, 2025, according to https://9to5google.com/2025/04/17/gemini-2-5-flash-preview-launch/.",KpZYG5nvdJ6QYweLz6dn5a,Gemini 2.5 Flash Preview (Apr 2025)
gemini-2.5-flash-preview-04-17 (16K thinking),Gemini 2.5 Flash,2025-04-17,,https://developers.googleblog.com/en/start-building-with-gemini-25-flash/,"Knowledge cutoff date should be January 1, 2025, according to https://9to5google.com/2025/04/17/gemini-2-5-flash-preview-launch/.",,
gemini-2.5-flash-preview-04-17 (24K thinking),Gemini 2.5 Flash,2025-04-17,,https://developers.googleblog.com/en/start-building-with-gemini-25-flash/,"Knowledge cutoff date should be January 1, 2025, according to https://9to5google.com/2025/04/17/gemini-2-5-flash-preview-launch/.",,
qwen-plus-2025-04-28,Qwen Plus,2025-04-28,,,,"SCpoD9h4p73bd6SwebPop4,dcjgZVG35bHr3iEdUoGgL3,bVFEkuHiUSxjoh8SQm74jo",
chutes/Qwen3-14B,Qwen3-14B,2025-04-28,,https://chutes.ai/app/chute/d0cbdf3d-050a-5432-97d2-ea99277d7934,,,
chutes/Qwen3-8B,Qwen3-8B,2025-04-28,,https://chutes.ai/app/chute/aa9579f7-ac87-53d3-b23c-4fa97a64574d,,,
chutes/Qwen3-32B,Qwen3-32B,2025-04-28,,https://chutes.ai/app/chute/0d7184a2-32a3-53e0-9607-058c37edaab5,,,
chutes/Qwen3-235B-A22B,Qwen3-235B-A22B,2025-04-28,,https://chutes.ai/app/chute/46533f4b-b572-52e6-8a84-1615fcdcd12c,,,
chutes/Qwen3-30B-A3B,Qwen3-30B-A3B,2025-04-28,,https://chutes.ai/app/chute/96b5aab1-6a45-578b-8897-6f927b3aa87f,,,
Qwen3-235B-A22B,Qwen3-235B-A22B,2025-04-29,Qwen,https://huggingface.co/Qwen/Qwen3-235B-A22B,,,
Qwen3-30B-A3B,Qwen3-30B-A3B,2025-04-29,Qwen,https://huggingface.co/Qwen/Qwen3-30B-A3B,,,
Qwen3-32B,Qwen3-32B,2025-04-29,Qwen,https://huggingface.co/Qwen/Qwen3-32B,,,
qwen3-235b-a22b,Qwen3-235B-A22B,2025-04-29,,,,"agebmxGseTvmvN4AHN8i4m,BTDXT8mHQu4je5jysTDuXV,FnqDHcmXj3RWTTpoQJuXNq",
Phi-4-reasoning,Phi-4,2025-04-30,microsoft,https://huggingface.co/microsoft/Phi-4-reasoning,,,
deepseek-prover-v2,DeepSeek-Prover-V2-671B,2025-04-30,deepseek-ai,https://huggingface.co/deepseek-ai/DeepSeek-Prover-V2-671B,,,
phi-4-reasoning-plus,Phi-4-Reasoning-plus,2025-04-30,microsoft,https://huggingface.co/microsoft/Phi-4-reasoning-plus,,,
ViLAMP-llava-qwen,,2025-05-01,orange-sk,https://huggingface.co/orange-sk/ViLAMP-llava-qwen,,,
gemini-2.5-pro-preview-05-06,Gemini 2.5 Pro,2025-05-06,,,"Knowledge cutoff date is January 1, 2025, according to https://ai.google.dev/gemini-api/docs/models.","TT66gGiVoeYLGQMCESPrEG,Mi8LCxmduKukxazAtmuhqg",
mistral-medium-2505,Mistral Medium 3,2025-05-07,,,,"FNMbfvEEm9PRnrJnrqk2PH,QWw65xeTn8x42SymMsVREN,K86QrHt55VSsziWQMEz4jS,PZRX6ME25bn26B6BTRWx6W,LNUnvvrDra89Vhdc9bzdCy",
codex-mini-2025-05-16,,2025-05-16,,https://openai.com/index/introducing-codex/?utm_source=chatgpt.com,,,
gemini-2.5-flash-preview-05-20,Gemini 2.5 Flash,2025-05-20,,,"Knowledge cutoff date is January 1, 2025, according to https://ai.google.dev/gemini-api/docs/models.","2d8EtQidNTG26AaBgaGEXn,9e62UjoHQbcZD2xjgfRkdK",
gemini-2.5-flash-preview-05-20_23K,Gemini 2.5 Flash,2025-05-20,,,,,
gemini-2.5-flash-preview-05-20_1K,Gemini 2.5 Flash,2025-05-20,,,,,
gemini-2.5-flash-preview-05-20_8K,Gemini 2.5 Flash,2025-05-20,,,,,
gemini-2.5-flash-preview-05-20_16K,Gemini 2.5 Flash,2025-05-20,,,,,
claude-opus-4-20250514,Claude Opus 4,2025-05-22,,,,"aCbfcxGpLpPc9XkZNcuF4o,EnjJ8bGi9vRNNQFzfkLCkQ,YbrpPbWuYAXNqbSfU4so7f,8tJAHDQwvGBc5ZxJiug3dh,6fbE9sokzKiRhNPfRnVnZA",
claude-sonnet-4-20250514,Claude Sonnet 4,2025-05-22,,,,"ZF4eejw7J2KrcoNWd6hUbU,Ua8sCkk3R3mBLWeSnnPG7a,dZLNhNKQVUgnB5ygAEUCcT,FhYfB6gn2MEompxg7WoKcX,BL9e5eBaVdxVcws6qPwrdh",
claude-opus-4-20250514_32K,Claude Opus 4,2025-05-22,,,,,
claude-sonnet-4-20250514_64K,Claude Sonnet 4,2025-05-22,,,,,
claude-sonnet-4-20250514_16K,Claude Sonnet 4,2025-05-22,,,,"PPLoBnbKQ9CEYZNSk3E7LE,nDrnRwsADSyj8U6BD4in4r",
claude-opus-4-20250514_16K,Claude Opus 4,2025-05-22,,,,"CtxFusPxCraL3EeRJu2c5k,Xz2F28L5k8HFNfY7Lo8Ggw",
claude-sonnet-4-20250514_32K,Claude Sonnet 4,2025-05-22,,,,"FZHzYjwAQexVykNQTnRtwT,8hGbWtbpUjAQpebkKQfSi7",
claude-sonnet-4-20250514_59K,Claude Sonnet 4,2025-05-22,,,,"g8qaq3s2TJqfvrskHYmapM,J9wjcQqKJ7hCSYnnoa5E9i",
claude-opus-4-20250514_27K,Claude Opus 4,2025-05-22,,,,VrRccga4uRVuCjNp637MeY,
claude-opus-4-20250514_8K,Claude Opus 4,2025-05-22,,,,,
claude-sonnet-4-20250514_8K,Claude Sonnet 4,2025-05-22,,,,,
claude-opus-4-20250514_1K,Claude Opus 4,2025-05-22,,,,,
claude-sonnet-4-20250514_1K,Claude Sonnet 4,2025-05-22,,,,,
claude-opus-4-20250514_2K,Claude Opus 4,2025-05-22,,,,,
claude-sonnet-4-20250514_2K,Claude Sonnet 4,2025-05-22,,,,,
DeepSeek-R1-0528,DeepSeek-R1,2025-05-28,deepseek-ai,,,"bBV5wCrrZtihrgxEsg9jPD,LiRiryJsGb3h5UuxX8bmJv,2wd9khVKiBzsAMUquz2R5s,H4X3AsrkcXMTQNKdrAgJe7",
chutes/DeepSeek-R1-0528,DeepSeek-R1,2025-05-28,,https://chutes.ai/app/chute/14a91d88-d6d6-5046-aaf4-eb3ad96b7247,,,
gemini-2.5-pro-preview-06-05,Gemini 2.5 Pro,2025-06-05,,,,"Q4qTzHnjLyiCCRvNpXioUq,Wk87FaH4htcTfqZ49pTLov",
gemini-2.5-pro-preview-06-05_1K,Gemini 2.5 Pro,2025-06-05,,,,,
magistral-medium-2506,Magistral Medium,2025-06-10,,,,,
magistral-small-2506,Magistral Small,2025-06-10,,,,"5hAnRpZh5ZZubbPgrrcm6D,mJsWT3i6UHaxDmyy8vEDqq,76hqeNUL93NiB5SHQfFwrw",
o3-pro-2025-06-10_high,o3-pro,2025-06-10,,,,,
o3-pro-2025-06-10_low,o3-pro,2025-06-10,,,,,
o3-pro-2025-06-10_medium,o3-pro,2025-06-10,,,,,
MiniMax-M1-80k,MiniMax-M1-80k,2025-06-13,MiniMaxAI,https://huggingface.co/MiniMaxAI/MiniMax-M1-80k,,,
Kimi-Dev-72B,"Kimi Dev 72b
",2025-06-16,moonshotai,https://huggingface.co/moonshotai/Kimi-Dev-72B,,,
gemini-2.5-pro,Gemini 2.5 Pro,2025-06-17,,,,,
